"analysis_group","soc_en","soc_cn","pt_count","summed_pt_case_count","ror_positive_pt_count","prr_positive_pt_count","bcpnn_positive_pt_count","mgps_positive_pt_count","core_ror_prr_positive_pt_count","strict_four_algorithm_positive_pt_count","max_ROR","max_PRR","max_IC","max_EBGM"
"Iodixanol","Skin and subcutaneous tissue disorders","皮肤及皮下组织类疾病","47","1604","41","41","41","29","41","29","124.89","124.72","6.94","32.33"
"Iodixanol","Respiratory, thoracic and mediastinal disorders","呼吸系统、胸及纵隔疾病","39","671","25","25","26","14","25","14","103.87","103.55","6.68","16.67"
"Iodixanol","General disorders and administration site conditions","全身性疾病及给药部位各种反应","38","699","16","14","21","11","14","11","35.78","35.53","5.15","18.48"
"Iodixanol","Investigations","各类检查","21","241","15","14","16","9","14","9","747.89","746.57","9.43","15.7"
"Iodixanol","Nervous system disorders","各类神经系统疾病","36","485","18","16","20","8","16","8","251.08","250.64","7.93","8.71"
"Iodixanol","Immune system disorders","免疫系统疾病","10","442","9","9","9","7","9","7","535.01","514.3","8.92","129.93"
"Iodixanol","Vascular disorders","血管与淋巴管类疾病","12","318","9","9","9","7","9","7","32.97","32.87","5.03","14.15"
"Iodixanol","Renal and urinary disorders","肾脏及泌尿系统疾病","11","253","7","7","8","6","7","6","26.57","26.22","4.71","18.68"
"Iodixanol","Gastrointestinal disorders","胃肠系统疾病","24","425","13","12","14","5","12","5","42.3","42.24","5.39","13.02"
"Iodixanol","Cardiac disorders","心脏器官疾病","20","231","11","11","14","5","11","5","25.72","25.65","4.68","8.85"
"Iodixanol","Eye disorders","眼器官疾病","19","180","12","12","12","5","12","5","36.32","35.6","5.15","25.87"
"Iodixanol","Psychiatric disorders","精神病类","10","126","4","4","5","3","4","3","65.58","64.55","6","34.38"
"Iodixanol",,,"12","93","9","9","10","3","9","3","31.82","31.78","4.99","7.11"
"Iodixanol","Endocrine disorders","内分泌系统疾病","2","47","2","2","2","2","2","2","11.08","11","3.46","8.55"
"Iodixanol","Infections and infestations","感染及侵染类疾病","8","46","4","4","4","2","4","2","53.02","52.95","5.72","11.86"
"Iodixanol","Injury, poisoning and procedural complications","各类损伤、中毒及操作并发症","9","104","5","5","5","1","5","1","1491.13","1469.46","10.3","63.66"
"Iodixanol","Metabolism and nutrition disorders","代谢及营养类疾病","5","37","3","3","4","1","3","1","1464.62","1462.04","10.29","8.94"
"Iodixanol","Blood and lymphatic system disorders","血液及淋巴系统疾病","3","35","1","1","1","1","1","1","14.09","13.94","3.8","11.19"
"Iodixanol","Surgical and medical procedures","各种手术及医疗操作","2","18","2","2","2","1","2","1","10.5","10.46","3.39","7.21"
"Iodixanol","Ear and labyrinth disorders","耳及迷路类疾病","2","10","1","1","1","1","1","1","44.29","44.23","5.46","6.16"
"Iodixanol","Musculoskeletal and connective tissue disorders","各种肌肉骨骼及结缔组织疾病","13","86","1","1","2","0","1","0","10.49","10.48","3.39","4.45"
"Iodixanol","Hepatobiliary disorders","肝胆系统疾病","2","6","1","1","1","0","1","0","16.21","16.18","4.01","5.1"
"Iodixanol","Product issues","产品问题","1","5","0","0","0","0","0","0","0.34","0.34","-1.57","0.36"
"Iohexol","Respiratory, thoracic and mediastinal disorders","呼吸系统、胸及纵隔疾病","68","3204","49","46","53","31","46","31","92.54","92.47","6.49","76.1"
"Iohexol","Skin and subcutaneous tissue disorders","皮肤及皮下组织类疾病","46","3472","30","29","33","17","28","17","64.13","64.08","5.97","19.52"
"Iohexol","General disorders and administration site conditions","全身性疾病及给药部位各种反应","56","2405","26","23","28","17","23","17","122.52","119.73","6.85","83.26"
"Iohexol","Gastrointestinal disorders","胃肠系统疾病","40","1578","22","21","24","16","21","16","114.45","114.39","6.79","19.43"
"Iohexol","Eye disorders","眼器官疾病","30","597","21","21","21","16","21","16","82.04","82","6.32","19.2"
"Iohexol","Investigations","各类检查","44","775","25","25","26","12","24","12","162.68","162.56","7.27","31.15"
"Iohexol","Vascular disorders","血管与淋巴管类疾病","26","758","19","19","19","11","19","11","5151.71","5147.71","10.92","28.58"
"Iohexol","Injury, poisoning and procedural complications","各类损伤、中毒及操作并发症","31","329","17","17","20","11","17","11","927.02","926.59","9.48","80.95"
"Iohexol","Immune system disorders","免疫系统疾病","12","1294","10","10","10","8","10","8","488.91","472.93","8.68","227.89"
"Iohexol","Nervous system disorders","各类神经系统疾病","63","1453","23","19","29","7","19","7","65.75","65.72","6.01","10.34"
"Iohexol","Cardiac disorders","心脏器官疾病","28","602","15","14","16","6","14","6","10.57","10.52","3.39","9.28"
"Iohexol","Infections and infestations","感染及侵染类疾病","18","166","7","7","9","4","7","4","287.11","286.26","8.03","34.06"
"Iohexol","Renal and urinary disorders","肾脏及泌尿系统疾病","18","397","7","8","8","3","7","3","14.42","14.32","3.83","12.54"
"Iohexol",,,"15","188","8","8","8","3","8","3","77.9","77.86","6.25","15.59"
"Iohexol","Psychiatric disorders","精神病类","24","301","8","6","9","2","6","2","20.92","20.82","4.37","15.99"
"Iohexol","Ear and labyrinth disorders","耳及迷路类疾病","7","55","3","3","3","2","3","2","9.38","9.37","3.22","5.69"
"Iohexol","Musculoskeletal and connective tissue disorders","各种肌肉骨骼及结缔组织疾病","19","321","4","4","6","1","4","1","18.57","18.53","4.2","11.8"
"Iohexol","Product issues","产品问题","9","53","3","3","3","1","3","1","569.58","568.96","8.91","14.58"
"Iohexol","Surgical and medical procedures","各种手术及医疗操作","4","38","4","4","4","1","4","1","28.93","28.87","4.84","15.13"
"Iohexol","Metabolism and nutrition disorders","代谢及营养类疾病","12","85","0","0","1","0","0","0","2.19","2.19","1.13","1.93"
"Iohexol","Blood and lymphatic system disorders","血液及淋巴系统疾病","9","70","2","2","2","0","2","0","3.4","3.4","1.76","3.19"
"Iohexol","Hepatobiliary disorders","肝胆系统疾病","8","31","1","1","1","0","1","0","3.28","3.28","1.71","2.47"
"Iohexol","Endocrine disorders","内分泌系统疾病","3","19","2","2","2","0","2","0","8.91","8.91","3.15","4.18"
"Iohexol","Pregnancy, puerperium and perinatal conditions","妊娠期、产褥期及围产期状况","1","7","0","0","0","0","0","0","0.56","0.56","-0.83","0.58"
"Iohexol","Reproductive system and breast disorders","生殖系统及乳腺疾病","2","6","0","0","0","0","0","0","2.06","2.06","1.04","1.79"
"Iopamidol","Respiratory, thoracic and mediastinal disorders","呼吸系统、胸及纵隔疾病","39","799","30","28","32","13","28","13","123.93","123.76","6.93","16.55"
"Iopamidol","Nervous system disorders","各类神经系统疾病","45","717","19","18","23","12","18","12","34.62","34.47","5.1","14.71"
"Iopamidol","General disorders and administration site conditions","全身性疾病及给药部位各种反应","41","746","15","14","18","10","14","10","113.62","111.16","6.77","58.17"
"Iopamidol","Injury, poisoning and procedural complications","各类损伤、中毒及操作并发症","29","321","13","13","13","10","13","10","1519.84","1498.12","10.27","76.08"
"Iopamidol","Cardiac disorders","心脏器官疾病","25","393","15","15","17","9","15","9","56.07","55.76","5.79","20.91"
"Iopamidol","Immune system disorders","免疫系统疾病","8","811","7","7","7","7","7","7","551.14","520.85","8.92","189.05"
"Iopamidol","Vascular disorders","血管与淋巴管类疾病","14","257","10","10","10","7","10","7","47.28","47.23","5.55","13.13"
"Iopamidol","Investigations","各类检查","23","324","15","13","15","5","13","5","63.35","63.06","5.97","24.69"
"Iopamidol","Renal and urinary disorders","肾脏及泌尿系统疾病","13","220","9","9","9","4","9","4","33.54","32.98","5.04","24.72"
"Iopamidol","Product issues","产品问题","6","96","5","5","5","4","5","4","60.22","59.97","5.89","17.81"
"Iopamidol","Gastrointestinal disorders","胃肠系统疾病","21","443","11","10","13","3","9","3","26.63","26.55","4.73","10.59"
"Iopamidol",,,"16","174","11","11","12","3","11","3","27.97","27.73","4.79","18.15"
"Iopamidol","Eye disorders","眼器官疾病","17","121","12","12","12","3","12","3","61.56","61.48","5.93","7.96"
"Iopamidol","Infections and infestations","感染及侵染类疾病","13","84","7","7","7","3","7","3","85.78","85.32","6.4","22.87"
"Iopamidol","Skin and subcutaneous tissue disorders","皮肤及皮下组织类疾病","22","645","13","13","15","2","13","2","13.45","13.44","3.75","8.41"
"Iopamidol","Musculoskeletal and connective tissue disorders","各种肌肉骨骼及结缔组织疾病","11","90","1","1","2","1","1","1","37.14","36.97","5.2","15.82"
"Iopamidol","Hepatobiliary disorders","肝胆系统疾病","6","26","2","2","2","1","2","1","412.7","411.67","8.6","14.48"
"Iopamidol","Surgical and medical procedures","各种手术及医疗操作","2","15","2","2","2","1","2","1","6.81","6.79","2.76","5.06"
"Iopamidol","Social circumstances","社会环境","1","8","1","1","1","1","1","1","8.91","8.89","3.15","6.07"
"Iopamidol","Psychiatric disorders","精神病类","11","113","4","3","4","0","3","0","2.8","2.79","1.48","2.64"
"Iopamidol","Metabolism and nutrition disorders","代谢及营养类疾病","10","52","1","1","1","0","1","0","4.83","4.83","2.27","3.58"
"Iopamidol","Blood and lymphatic system disorders","血液及淋巴系统疾病","4","20","1","1","1","0","1","0","3.66","3.65","1.87","3.1"
"Iopamidol","Endocrine disorders","内分泌系统疾病","2","11","1","1","1","0","1","0","2.63","2.62","1.39","2.29"
"Iopamidol","Ear and labyrinth disorders","耳及迷路类疾病","2","11","0","0","0","0","0","0","0.81","0.81","-0.3","0.83"
"Iopamidol","Pregnancy, puerperium and perinatal conditions","妊娠期、产褥期及围产期状况","1","5","0","0","0","0","0","0","1.23","1.23","0.3","1.2"
"Ioversol","Respiratory, thoracic and mediastinal disorders","呼吸系统、胸及纵隔疾病","45","1830","33","31","35","19","31","19","266.5","264.47","7.99","50.38"
"Ioversol","General disorders and administration site conditions","全身性疾病及给药部位各种反应","50","925","25","23","27","14","23","14","18265.41","18248.66","12.16","25.61"
"Ioversol","Gastrointestinal disorders","胃肠系统疾病","26","731","19","18","20","13","18","13","80.87","80.19","6.31","33.38"
"Ioversol","Skin and subcutaneous tissue disorders","皮肤及皮下组织类疾病","32","1760","24","24","27","12","24","12","24.57","24.38","4.6","20.21"
"Ioversol","Immune system disorders","免疫系统疾病","10","555","9","9","9","8","9","8","175.04","171.74","7.38","71.74"
"Ioversol",,,"16","218","12","12","14","8","12","8","182.65","182.49","7.47","9.47"
"Ioversol","Vascular disorders","血管与淋巴管类疾病","12","413","8","8","11","7","8","7","728.06","717.39","9.33","84.38"
"Ioversol","Eye disorders","眼器官疾病","17","341","13","13","14","6","13","6","21.71","21.46","4.42","17.08"
"Ioversol","Injury, poisoning and procedural complications","各类损伤、中毒及操作并发症","15","129","6","6","6","6","6","6","457.03","454.8","8.73","30.68"
"Ioversol","Investigations","各类检查","14","313","11","9","11","5","9","5","45.7","45.55","5.5","15.47"
"Ioversol","Cardiac disorders","心脏器官疾病","20","309","10","10","11","5","10","5","154.79","154.65","7.24","10.03"
"Ioversol","Nervous system disorders","各类神经系统疾病","34","596","14","11","17","3","11","3","24.55","24.53","4.61","6.99"
"Ioversol","Renal and urinary disorders","肾脏及泌尿系统疾病","11","309","4","4","7","3","4","3","112.59","106.49","6.71","81.22"
"Ioversol","Infections and infestations","感染及侵染类疾病","7","30","3","3","4","2","3","2","73.16","73.07","6.17","8.1"
"Ioversol","Musculoskeletal and connective tissue disorders","各种肌肉骨骼及结缔组织疾病","9","51","2","2","2","1","2","1","19.46","19.41","4.27","9.31"
"Ioversol","Blood and lymphatic system disorders","血液及淋巴系统疾病","2","24","1","1","1","1","1","1","6.34","6.32","2.66","5.48"
"Ioversol","Ear and labyrinth disorders","耳及迷路类疾病","4","20","2","2","3","1","2","1","17.25","17.2","4.1","9.27"
"Ioversol","Endocrine disorders","内分泌系统疾病","3","15","1","1","1","1","1","1","133.85","133.69","7.03","8.48"
"Ioversol","Psychiatric disorders","精神病类","6","62","1","1","2","0","1","0","11.03","11.02","3.46","4.53"
"Ioversol","Metabolism and nutrition disorders","代谢及营养类疾病","3","12","0","0","0","0","0","0","1.22","1.22","0.29","1.2"
"Ioversol","Product issues","产品问题","2","8","0","0","0","0","0","0","1.45","1.45","0.53","1.38"
"Ioversol","Hepatobiliary disorders","肝胆系统疾病","1","3","0","0","0","0","0","0","0.63","0.63","-0.66","0.67"
"Ioversol","Surgical and medical procedures","各种手术及医疗操作","1","3","0","0","0","0","0","0","1.34","1.34","0.42","1.28"
"POOLED","Respiratory, thoracic and mediastinal disorders","呼吸系统、胸及纵隔疾病","91","6659","60","56","67","35","56","35","106.81","106.5","6.63","52.44"
"POOLED","Skin and subcutaneous tissue disorders","皮肤及皮下组织类疾病","65","7583","46","46","50","28","45","28","39.43","39.42","5.26","16.54"
"POOLED","General disorders and administration site conditions","全身性疾病及给药部位各种反应","92","4926","40","35","41","21","35","21","4038.1","4037.28","9.98","73.88"
"POOLED","Gastrointestinal disorders","胃肠系统疾病","63","3305","29","28","32","20","28","20","49.85","49.84","5.59","27.88"
"POOLED","Eye disorders","眼器官疾病","42","1312","26","26","26","18","26","18","54.01","53.95","5.7","21.85"
"POOLED","Investigations","各类检查","72","1832","35","32","39","15","32","15","149.63","149.53","7.07","40.34"
"POOLED","Injury, poisoning and procedural complications","各类损伤、中毒及操作并发症","60","1003","23","22","28","14","22","14","1930.02","1912.4","9.63","202"
"POOLED","Vascular disorders","血管与淋巴管类疾病","39","1814","19","19","20","13","19","13","4038.92","4037.28","9.98","84.14"
"POOLED","Cardiac disorders","心脏器官疾病","50","1624","20","19","24","11","19","11","34.22","34.21","5.06","15.53"
"POOLED","Nervous system disorders","各类神经系统疾病","107","3468","43","35","53","10","35","10","68.79","68.76","6.03","12.36"
"POOLED","Immune system disorders","免疫系统疾病","14","3115","12","12","12","10","12","10","477.2","458.71","8.42","263.94"
"POOLED",,,"46","771","28","25","31","10","25","10","57.53","57.51","5.79","12.59"
"POOLED","Infections and infestations","感染及侵染类疾病","33","377","11","11","13","6","11","6","124.89","124.73","6.84","29.27"
"POOLED","Renal and urinary disorders","肾脏及泌尿系统疾病","25","1223","9","8","9","5","8","5","41.62","40.78","5.31","37.26"
"POOLED","Surgical and medical procedures","各种手术及医疗操作","5","88","5","5","5","3","5","3","15.99","15.97","3.98","11.45"
"POOLED","Psychiatric disorders","精神病类","33","669","9","8","11","2","8","2","19.76","19.67","4.28","17.19"
"POOLED","Product issues","产品问题","19","187","6","6","7","2","6","2","248.02","247.9","7.71","14.06"
"POOLED","Ear and labyrinth disorders","耳及迷路类疾病","9","111","3","3","3","2","3","2","9.06","9.06","3.17","6.1"
"POOLED","Musculoskeletal and connective tissue disorders","各种肌肉骨骼及结缔组织疾病","25","585","5","4","5","1","4","1","21.25","21.2","4.38","16.68"
"POOLED","Metabolism and nutrition disorders","代谢及营养类疾病","17","216","2","2","2","1","2","1","292.66","292.56","7.91","10.56"
"POOLED","Blood and lymphatic system disorders","血液及淋巴系统疾病","15","186","2","2","2","1","2","1","5.21","5.19","2.37","5.01"
"POOLED","Hepatobiliary disorders","肝胆系统疾病","17","102","2","2","2","1","2","1","77.89","77.85","6.2","12.6"
"POOLED","Endocrine disorders","内分泌系统疾病","4","93","4","4","4","1","4","1","29.58","29.58","4.86","7.05"
"POOLED","Pregnancy, puerperium and perinatal conditions","妊娠期、产褥期及围产期状况","4","24","0","0","0","0","0","0","0.71","0.71","-0.49","0.74"
"POOLED","Reproductive system and breast disorders","生殖系统及乳腺疾病","3","11","0","0","0","0","0","0","1.41","1.41","0.49","1.36"
"POOLED","Social circumstances","社会环境","1","10","1","1","1","0","1","0","2.1","2.1","1.07","2"
